사고장소,사고 발생 횟수
서울특별시 강남구 개포동 개포로,2
서울특별시 강남구 개포동 개포로22길,1
서울특별시 강남구 개포동 논현로,2
서울특별시 강남구 개포동 논현로10길,1
서울특별시 강남구 개포동 논현로16길,1
서울특별시 강남구 개포동 선릉로,2
서울특별시 강남구 개포동 양재대로,4
서울특별시 강남구 개포동 언주로,2
서울특별시 강남구 논현동 강남대로,3
서울특별시 강남구 논현동 논현로,4
서울특별시 강남구 논현동 논현로145길,1
서울특별시 강남구 논현동 도산대로,4
서울특별시 강남구 논현동 도산대로24길,1
서울특별시 강남구 논현동 도산대로50길,1
서울특별시 강남구 논현동 봉은사로,8
서울특별시 강남구 논현동 봉은사로7길,1
서울특별시 강남구 논현동 선릉로,2
서울특별시 강남구 논현동 신반포로,1
서울특별시 강남구 논현동 압구정로,1
서울특별시 강남구 논현동 언주로,3
서울특별시 강남구 논현동 언주로114길,1
서울특별시 강남구 논현동 언주로126길,1
서울특별시 강남구 논현동 학동로,3
서울특별시 강남구 논현동 학동로20길,1
서울특별시 강남구 논현동 학동로6길,1
서울특별시 강남구 대치동 남부순환로,7
서울특별시 강남구 대치동 도곡로,2
서울특별시 강남구 대치동 분당수서로,2
서울특별시 강남구 대치동 삼성로,6
서울특별시 강남구 대치동 삼성로71길,1
서울특별시 강남구 대치동 삼성로75길,1
서울특별시 강남구 대치동 삼전로,2
서울특별시 강남구 대치동 선릉로,3
서울특별시 강남구 대치동 선릉로86길,2
서울특별시 강남구 대치동 양재천로,1
서울특별시 강남구 대치동 역삼로,2
서울특별시 강남구 대치동 영동대로,2
서울특별시 강남구 대치동 테헤란로,3
서울특별시 강남구 대치동 테헤란로104길,1
서울특별시 강남구 대치동 테헤란로78길,1
서울특별시 강남구 대치동 테헤란로87길,1
서울특별시 강남구 대치동 테헤란로88길,1
서울특별시 강남구 도곡동 남부순환로,8
서울특별시 강남구 도곡동 남부순환로363길,1
서울특별시 강남구 도곡동 남부순환로365길,1
서울특별시 강남구 도곡동 논현로,4
서울특별시 강남구 도곡동 도곡로,2
서울특별시 강남구 도곡동 선릉로,1
서울특별시 강남구 도곡동 언주로,4
서울특별시 강남구 도곡동 언주로30길,3
서울특별시 강남구 삼성동 봉은사로,8
서울특별시 강남구 삼성동 봉은사로86길,2
서울특별시 강남구 삼성동 삼성로,2
서울특별시 강남구 삼성동 삼성로96길,1
서울특별시 강남구 삼성동 선릉로,1
서울특별시 강남구 삼성동 선릉로126길,1
서울특별시 강남구 삼성동 영동대로,1
서울특별시 강남구 삼성동 테헤란로,3
서울특별시 강남구 삼성동 테헤란로69길,1
서울특별시 강남구 삼성동 테헤란로78길,1
서울특별시 강남구 삼성동 학동로,4
서울특별시 강남구 세곡동 헌릉로,2
서울특별시 강남구 수서동 광평로,4
서울특별시 강남구 수서동 광평로34길,1
서울특별시 강남구 수서동 광평로39길,1
서울특별시 강남구 수서동 광평로51길,2
서울특별시 강남구 수서동 밤고개로,2
서울특별시 강남구 수서동 밤고개로1길,3
서울특별시 강남구 수서동 분당수서로,2
서울특별시 강남구 신사동 가로수길,3
서울특별시 강남구 신사동 논현로,3
서울특별시 강남구 신사동 도산대로,2
서울특별시 강남구 신사동 압구정로,5
서울특별시 강남구 신사동 언주로,2
서울특별시 강남구 신사동 올림픽대로,1
서울특별시 강남구 압구정동 강남대로,2
서울특별시 강남구 압구정동 논현로,1
서울특별시 강남구 압구정동 논현로189길,1
서울특별시 강남구 압구정동 논현로190길,1
서울특별시 강남구 압구정동 압구정로,4
서울특별시 강남구 압구정동 언주로,3
서울특별시 강남구 압구정동 올림픽대로,1
서울특별시 강남구 역삼동 강남대로,6
서울특별시 강남구 역삼동 강남대로78길,1
서울특별시 강남구 역삼동 논현로85길,2
서울특별시 강남구 역삼동 논현로94길,1
서울특별시 강남구 역삼동 도곡로,3
서울특별시 강남구 역삼동 도곡로3길,1
서울특별시 강남구 역삼동 도곡로7길,2
서울특별시 강남구 역삼동 봉은사로,2
서울특별시 강남구 역삼동 봉은사로2길,2
서울특별시 강남구 역삼동 봉은사로44길,1
서울특별시 강남구 역삼동 서초대로,1
서울특별시 강남구 역삼동 선릉로,4
서울특별시 강남구 역삼동 선릉로93길,1
서울특별시 강남구 역삼동 언주로,2
서울특별시 강남구 역삼동 언주로70길,1
서울특별시 강남구 역삼동 역삼로,3
서울특별시 강남구 역삼동 테헤란로,6
서울특별시 강남구 역삼동 테헤란로51길,1
서울특별시 강남구 율현동 헌릉로757길,1
서울특별시 강남구 일원동 개포로,1
서울특별시 강남구 일원동 개포로124길,1
서울특별시 강남구 일원동 분당수서로,1
서울특별시 강남구 일원동 양재대로,2
서울특별시 강남구 일원동 양재대로33길,1
서울특별시 강남구 일원동 양재대로55길,2
서울특별시 강남구 일원동 일원로,3
서울특별시 강남구 일원동 일원로3길,1
서울특별시 강남구 자곡동 밤고개로,1
서울특별시 강남구 자곡동 자곡로,1
서울특별시 강남구 자곡동 자곡로3길,1
서울특별시 강남구 청담동 도산대로,4
서울특별시 강남구 청담동 도산대로68길,1
서울특별시 강남구 청담동 삼성로,1
서울특별시 강남구 청담동 삼성로133길,1
서울특별시 강남구 청담동 선릉로,2
서울특별시 강남구 청담동 선릉로132길,1
서울특별시 강남구 청담동 영동대로,4
서울특별시 강남구 청담동 올림픽대로,1
서울특별시 강남구 청담동 학동로,3
서울특별시 강남구 청담동 학동로97길,1
서울특별시 강동구 강일동 미사강변남로,1
서울특별시 강동구 강일동 미사대로,1
서울특별시 강동구 강일동 수도권제1순환고속도로,1
서울특별시 강동구 강일동 아리수로,3
서울특별시 강동구 강일동 아리수로93길,1
서울특별시 강동구 강일동 초광로,1
서울특별시 강동구 강일동 풍산로,1
서울특별시 강동구 고덕동 고덕로,3
서울특별시 강동구 고덕동 고덕로83길,1
서울특별시 강동구 고덕동 동남로,3
서울특별시 강동구 고덕동 동남로81길,1
서울특별시 강동구 고덕동 아리수로,2
서울특별시 강동구 길동 명일로,1
서울특별시 강동구 길동 양재대로,2
서울특별시 강동구 길동 양재대로111길,1
서울특별시 강동구 길동 천중로,4
서울특별시 강동구 길동 천중로40길,1
서울특별시 강동구 길동 천호대로,6
서울특별시 강동구 길동 천호대로175길,2
서울특별시 강동구 둔촌동 강동대로,2
서울특별시 강동구 둔촌동 동남로,4
서울특별시 강동구 둔촌동 동남로49길,1
서울특별시 강동구 둔촌동 양재대로,2
서울특별시 강동구 둔촌동 양재대로84길,1
서울특별시 강동구 둔촌동 진황도로,1
서울특별시 강동구 둔촌동 천호대로,2
서울특별시 강동구 명일동 고덕로,1
서울특별시 강동구 명일동 구천면로,1
서울특별시 강동구 명일동 동남로,2
서울특별시 강동구 명일동 동남로75길,1
서울특별시 강동구 명일동 명일로,1
서울특별시 강동구 명일동 상암로,2
서울특별시 강동구 명일동 양재대로,4
서울특별시 강동구 상일동 고덕로,1
서울특별시 강동구 상일동 고덕로80길,1
서울특별시 강동구 상일동 구천면로,1
서울특별시 강동구 상일동 동남로,1
서울특별시 강동구 상일동 상일로,1
서울특별시 강동구 상일동 상일로10길,1
서울특별시 강동구 상일동 상일로6길,1
서울특별시 강동구 상일동 수도권제1순환고속도로,1
서울특별시 강동구 상일동 천호대로,3
서울특별시 강동구 상일동 천호대로219길,1
서울특별시 강동구 상일동 초이로,1
서울특별시 강동구 성내동 강동대로,6
서울특별시 강동구 성내동 강동대로53길,1
서울특별시 강동구 성내동 강동대로55길,1
서울특별시 강동구 성내동 성내로,5
서울특별시 강동구 성내동 성내로14길,1
서울특별시 강동구 성내동 성안로,8
서울특별시 강동구 성내동 성안로3길,1
서울특별시 강동구 성내동 양재대로,3
서울특별시 강동구 성내동 올림픽로,3
서울특별시 강동구 성내동 천호대로,8
서울특별시 강동구 성내동 천호대로162길,2
서울특별시 강동구 성내동 풍성로,5
서울특별시 강동구 성내동 풍성로54길,2
서울특별시 강동구 암사동 고덕로,1
서울특별시 강동구 암사동 구천면로,1
서울특별시 강동구 암사동 상암로,4
서울특별시 강동구 암사동 선사로,1
서울특별시 강동구 암사동 암사길,4
서울특별시 강동구 암사동 올림픽대로,1
서울특별시 강동구 암사동 올림픽로,1
서울특별시 강동구 천호동 구천면로,12
서울특별시 강동구 천호동 상암로,5
서울특별시 강동구 천호동 선사로,3
서울특별시 강동구 천호동 성안로,2
서울특별시 강동구 천호동 양재대로,3
서울특별시 강동구 천호동 올림픽로,9
서울특별시 강동구 천호동 올림픽로92길,2
서울특별시 강동구 천호동 진황도로,2
서울특별시 강동구 천호동 천중로,8
서울특별시 강동구 천호동 천호대로,7
서울특별시 강동구 천호동 천호대로151길,1
서울특별시 강북구 미아동 노해로,1
서울특별시 강북구 미아동 덕릉로,1
서울특별시 강북구 미아동 도봉로,18
서울특별시 강북구 미아동 도봉로50길,2
서울특별시 강북구 미아동 도봉로67길,2
서울특별시 강북구 미아동 도봉로8길,1
서울특별시 강북구 미아동 삼양로,8
서울특별시 강북구 미아동 삼양로58길,1
서울특별시 강북구 미아동 솔매로,3
서울특별시 강북구 미아동 솔매로49길,1
서울특별시 강북구 미아동 솔샘로,5
서울특별시 강북구 미아동 솔샘로48길,1
서울특별시 강북구 미아동 숭인로,2
서울특별시 강북구 미아동 오패산로,4
서울특별시 강북구 미아동 오패산로52사길,1
서울특별시 강북구 미아동 오현로,2
서울특별시 강북구 미아동 오현로9길,1
서울특별시 강북구 미아동 월계로,4
서울특별시 강북구 미아동 월계로21나길,1
서울특별시 강북구 미아동 인수봉로,2
서울특별시 강북구 번동 덕릉로,2
서울특별시 강북구 번동 도봉로,6
서울특별시 강북구 번동 돌곶이로,1
서울특별시 강북구 번동 오패산로,1
서울특별시 강북구 번동 오현로,1
서울특별시 강북구 번동 오현로31길,1
서울특별시 강북구 번동 오현로32길,3
서울특별시 강북구 번동 오현로34길,1
서울특별시 강북구 번동 월계로,5
서울특별시 강북구 번동 한천로,6
서울특별시 강북구 번동 한천로105길,1
서울특별시 강북구 번동 한천로109길,4
서울특별시 강북구 번동 한천로132길,2
서울특별시 강북구 수유동 4.19로,1
서울특별시 강북구 수유동 노해로,7
서울특별시 강북구 수유동 덕릉로,2
서울특별시 강북구 수유동 덕릉로19길,3
서울특별시 강북구 수유동 도봉로,6
서울특별시 강북구 수유동 도봉로77길,2
서울특별시 강북구 수유동 삼각산로,2
서울특별시 강북구 수유동 삼양로,6
서울특별시 강북구 수유동 솔매로45길,1
서울특별시 강북구 수유동 수유로,2
서울특별시 강북구 수유동 인수봉로,2
서울특별시 강북구 수유동 한천로,7
서울특별시 강북구 수유동 한천로139길,3
서울특별시 강북구 수유동 한천로159길,1
서울특별시 강북구 우이동 삼양로,6
서울특별시 강북구 우이동 삼양로173길,1
서울특별시 강서구 가양동 곰달래로,1
서울특별시 강서구 가양동 공항대로,1
서울특별시 강서구 가양동 양천로,4
서울특별시 강서구 가양동 양천로47길,1
서울특별시 강서구 가양동 양천로49길,2
서울특별시 강서구 가양동 양천로55길,1
서울특별시 강서구 가양동 양천로57길,1
서울특별시 강서구 가양동 올림픽대로,2
서울특별시 강서구 가양동 허준로,2
서울특별시 강서구 가양동 화곡로,1
서울특별시 강서구 가양동 화곡로73길,1
서울특별시 강서구 개화동 개화동로,4
서울특별시 강서구 개화동 금포로,1
서울특별시 강서구 개화동 김포대로,1
서울특별시 강서구 공항동 공항대로,6
서울특별시 강서구 공항동 남부순환로,1
서울특별시 강서구 공항동 발산로,1
서울특별시 강서구 공항동 수원문산고속도로,2
서울특별시 강서구 공항동 오정로,1
서울특별시 강서구 내발산동 강서로,2
서울특별시 강서구 내발산동 공항대로,1
서울특별시 강서구 내발산동 공항대로42길,1
서울특별시 강서구 내발산동 수명로,1
서울특별시 강서구 등촌동 강서로,1
서울특별시 강서구 등촌동 강서로56길,1
서울특별시 강서구 등촌동 강서로68길,1
서울특별시 강서구 등촌동 공항대로,5
서울특별시 강서구 등촌동 공항대로39길,1
서울특별시 강서구 등촌동 공항대로41길,1
서울특별시 강서구 등촌동 공항대로43길,1
서울특별시 강서구 등촌동 공항대로45길,1
서울특별시 강서구 등촌동 공항대로59길,1
서울특별시 강서구 등촌동 등촌로,1
서울특별시 강서구 등촌동 등촌로51길,2
서울특별시 강서구 등촌동 양천로,3
서울특별시 강서구 등촌동 화곡로,4
서울특별시 강서구 등촌동 화곡로65길,1
서울특별시 강서구 등촌동 화곡로69길,2
서울특별시 강서구 마곡동 공항대로,4
서울특별시 강서구 마곡동 마곡서로,1
서울특별시 강서구 마곡동 마곡중앙10로,1
서울특별시 강서구 마곡동 마곡중앙12로,1
서울특별시 강서구 마곡동 마곡중앙1로,2
서울특별시 강서구 마곡동 마곡중앙5로,1
서울특별시 강서구 마곡동 마곡중앙5로1길,1
서울특별시 강서구 마곡동 마곡중앙6로,5
서울특별시 강서구 마곡동 마곡중앙8로1길,1
서울특별시 강서구 마곡동 마곡중앙로,1
서울특별시 강서구 마곡동 양천로,2
서울특별시 강서구 방화동 개화동로,1
서울특별시 강서구 방화동 공항대로,1
서울특별시 강서구 방화동 금낭화로,5
서울특별시 강서구 방화동 방화대로,1
서울특별시 강서구 방화동 방화대로47가길,1
서울특별시 강서구 방화동 방화동로,4
서울특별시 강서구 방화동 수원문산고속도로,2
서울특별시 강서구 방화동 양천로,4
서울특별시 강서구 방화동 양천로24길,3
서울특별시 강서구 방화동 양천로27길,2
서울특별시 강서구 방화동 초원로,2
서울특별시 강서구 방화동 초원로16길,1
서울특별시 강서구 방화동 하늘길,1
서울특별시 강서구 염창동 공항대로,1
서울특별시 강서구 염창동 공항대로59다길,1
서울특별시 강서구 염창동 목동중앙본로,1
서울특별시 강서구 염창동 양천로,4
서울특별시 강서구 염창동 올림픽대로,2
서울특별시 강서구 외발산동 오정로,1
서울특별시 강서구 화곡동 가로공원로,2
서울특별시 강서구 화곡동 가로공원로76길,1
서울특별시 강서구 화곡동 강서로,7
서울특별시 강서구 화곡동 강서로17길,2
서울특별시 강서구 화곡동 강서로18길,2
서울특별시 강서구 화곡동 강서로18다길,1
서울특별시 강서구 화곡동 강서로41길,1
서울특별시 강서구 화곡동 강서로5길,1
서울특별시 강서구 화곡동 강서로5나길,2
서울특별시 강서구 화곡동 곰달래로,10
서울특별시 강서구 화곡동 곰달래로31길,1
서울특별시 강서구 화곡동 곰달래로49길,4
서울특별시 강서구 화곡동 곰달래로53길,3
서울특별시 강서구 화곡동 공항대로,1
서울특별시 강서구 화곡동 국회대로7길,3
서울특별시 강서구 화곡동 까치산로,4
서울특별시 강서구 화곡동 등촌로,1
서울특별시 강서구 화곡동 등촌로13길,1
서울특별시 강서구 화곡동 등촌로13바길,1
서울특별시 강서구 화곡동 우현로,1
서울특별시 강서구 화곡동 월정로,1
서울특별시 강서구 화곡동 초록마을로,1
서울특별시 강서구 화곡동 화곡로,12
서울특별시 강서구 화곡동 화곡로15길,1
서울특별시 강서구 화곡동 화곡로58길,2
서울특별시 관악구 남현동 남부순환로,3
서울특별시 관악구 봉천동 관악로,7
서울특별시 관악구 봉천동 관악로11길,1
서울특별시 관악구 봉천동 관악로28길,1
서울특별시 관악구 봉천동 관악로40길,1
서울특별시 관악구 봉천동 관악로5길,1
서울특별시 관악구 봉천동 국회단지길,1
서울특별시 관악구 봉천동 낙성대로3길,1
서울특별시 관악구 봉천동 남부순환로,15
서울특별시 관악구 봉천동 보라매로,6
서울특별시 관악구 봉천동 봉천로,12
서울특별시 관악구 봉천동 성현로,1
서울특별시 관악구 봉천동 쑥고개로,5
서울특별시 관악구 봉천동 양녕로,2
서울특별시 관악구 봉천동 은천로,3
서울특별시 관악구 봉천동 청룡길,1
서울특별시 관악구 신림동 광신길,1
서울특별시 관악구 신림동 난곡로,15
서울특별시 관악구 신림동 난우길,7
서울특별시 관악구 신림동 남부순환로,13
서울특별시 관악구 신림동 남부순환로187길,1
서울특별시 관악구 신림동 대학길,1
서울특별시 관악구 신림동 문성로,1
서울특별시 관악구 신림동 법원단지길,2
서울특별시 관악구 신림동 복은길,2
서울특별시 관악구 신림동 봉천로,4
서울특별시 관악구 신림동 시흥대로,3
서울특별시 관악구 신림동 신림로,11
서울특별시 관악구 신림동 신사로,3
서울특별시 관악구 신림동 신원로,4
서울특별시 관악구 신림동 원신길,2
서울특별시 관악구 신림동 조원로,5
서울특별시 관악구 신림동 조원로18길,1
서울특별시 관악구 신림동 호암로,2
서울특별시 구로구 가리봉동 구로동로,2
서울특별시 구로구 가리봉동 남부순환로,4
서울특별시 구로구 가리봉동 남부순환로105길,5
서울특별시 구로구 가리봉동 디지털로,1
서울특별시 구로구 개봉동 개봉로,3
서울특별시 구로구 개봉동 개봉로17길,1
서울특별시 구로구 개봉동 개봉로17라길,1
서울특별시 구로구 개봉동 개봉로19길,2
서울특별시 구로구 개봉동 개봉로20길,2
서울특별시 구로구 개봉동 개봉로23가길,1
서울특별시 구로구 개봉동 경인로,2
서울특별시 구로구 개봉동 경인로33길,2
서울특별시 구로구 개봉동 경인로40길,1
서울특별시 구로구 개봉동 고척로,1
서울특별시 구로구 개봉동 고척로21나길,1
서울특별시 구로구 개봉동 고척로22길,1
서울특별시 구로구 개봉동 고척로23길,1
서울특별시 구로구 개봉동 고척로25길,1
서울특별시 구로구 개봉동 남부순환로,3
서울특별시 구로구 개봉동 서해안로34길,1
서울특별시 구로구 고척동 경서로,1
서울특별시 구로구 고척동 경인로,2
서울특별시 구로구 고척동 경인로43길,2
서울특별시 구로구 고척동 경인로47길,2
서울특별시 구로구 고척동 고척로,1
서울특별시 구로구 고척동 중앙로,2
서울특별시 구로구 고척동 중앙로14길,1
서울특별시 구로구 고척동 중앙로15길,2
서울특별시 구로구 고척동 중앙로3길,1
서울특별시 구로구 고척동 중앙로8길,1
서울특별시 구로구 구로동 가마산로,6
서울특별시 구로구 구로동 경인로,4
서울특별시 구로구 구로동 경인로51길,1
서울특별시 구로구 구로동 경인로53길,1
서울특별시 구로구 구로동 공원로8길,2
서울특별시 구로구 구로동 구로동로,2
서울특별시 구로구 구로동 구로동로25길,2
서울특별시 구로구 구로동 구로동로28길,1
서울특별시 구로구 구로동 구로동로35길,2
서울특별시 구로구 구로동 구로중앙로,7
서울특별시 구로구 구로동 구로중앙로28길,1
서울특별시 구로구 구로동 구로중앙로31길,1
서울특별시 구로구 구로동 구로중앙로34길,1
서울특별시 구로구 구로동 구일로,2
서울특별시 구로구 구로동 구일로4길,1
서울특별시 구로구 구로동 남부순환로,2
서울특별시 구로구 구로동 도림로,10
서울특별시 구로구 구로동 도림천로,7
서울특별시 구로구 구로동 디지털로,2
서울특별시 구로구 구로동 디지털로26길,1
서울특별시 구로구 구로동 디지털로31길,1
서울특별시 구로구 구로동 디지털로32길,2
서울특별시 구로구 구로동 새말로,2
서울특별시 구로구 구로동 새말로12길,1
서울특별시 구로구 구로동 새말로20길,1
서울특별시 구로구 구로동 시흥대로,4
서울특별시 구로구 구로동 시흥대로161길,1
서울특별시 구로구 궁동 부일로,2
서울특별시 구로구 궁동 부일로15길,1
서울특별시 구로구 궁동 부일로19길,1
서울특별시 구로구 궁동 오리로,2
서울특별시 구로구 궁동 오리로22가길,1
서울특별시 구로구 신도림동 경인로,2
서울특별시 구로구 신도림동 경인로59길,1
서울특별시 구로구 신도림동 경인로67길,4
서울특별시 구로구 신도림동 공원로,1
서울특별시 구로구 신도림동 구로중앙로42길,2
서울특별시 구로구 신도림동 신도림로,1
서울특별시 구로구 오류동 경인로,7
서울특별시 구로구 오류동 고척로,1
서울특별시 구로구 오류동 서해안로,2
서울특별시 구로구 오류동 오류로,1
서울특별시 구로구 오류동 오리로,3
서울특별시 구로구 온수동 부일로9길,1
서울특별시 구로구 천왕동 금오로,1
서울특별시 구로구 천왕동 오리로,1
서울특별시 구로구 항동 서해안로,4
서울특별시 금천구 가산동 가산로9길,1
서울특별시 금천구 가산동 남부순환로,2
서울특별시 금천구 가산동 디지털로,6
서울특별시 금천구 가산동 디지털로10길,1
서울특별시 금천구 가산동 범안로,1
서울특별시 금천구 가산동 벚꽃로36길,1
서울특별시 금천구 가산동 서부샛길,1
서울특별시 금천구 가산동 시흥대로153길,1
서울특별시 금천구 독산동 가산로,6
서울특별시 금천구 독산동 가산로5길,1
서울특별시 금천구 독산동 남부순환로,1
서울특별시 금천구 독산동 독산로,6
서울특별시 금천구 독산동 범안로,6
서울특별시 금천구 독산동 범안로16길,1
서울특별시 금천구 독산동 범안로17길,2
서울특별시 금천구 독산동 벚꽃로,1
서울특별시 금천구 독산동 서부샛길,1
서울특별시 금천구 독산동 시흥대로,5
서울특별시 금천구 독산동 시흥대로153길,1
서울특별시 금천구 독산동 안양천로,1
서울특별시 금천구 시흥동 강남순환로,3
서울특별시 금천구 시흥동 금하로,10
서울특별시 금천구 시흥동 독산로,9
서울특별시 금천구 시흥동 독산로50길,1
서울특별시 금천구 시흥동 범안로,1
서울특별시 금천구 시흥동 서해안고속도로,1
서울특별시 금천구 시흥동 시흥대로,5
서울특별시 금천구 시흥동 시흥대로73길,2
서울특별시 금천구 시흥동 은행나무로,2
서울특별시 금천구 시흥동 탑골로,1
서울특별시 금천구 시흥동 호암로,1
서울특별시 노원구 공릉동 공릉로,3
서울특별시 노원구 공릉동 공릉로46길,2
서울특별시 노원구 공릉동 노원로,1
서울특별시 노원구 공릉동 동일로,7
서울특별시 노원구 공릉동 동일로173길,1
서울특별시 노원구 공릉동 동일로174길,2
서울특별시 노원구 공릉동 동일로182길,1
서울특별시 노원구 공릉동 동일로191길,1
서울특별시 노원구 공릉동 동일로192길,2
서울특별시 노원구 공릉동 동일로197길,1
서울특별시 노원구 공릉동 섬밭로,2
서울특별시 노원구 공릉동 화랑로,13
서울특별시 노원구 공릉동 화랑로51길,1
서울특별시 노원구 상계동 노원로,2
서울특별시 노원구 상계동 노원로26가길,1
서울특별시 노원구 상계동 노원로38길,1
서울특별시 노원구 상계동 노해로,4
서울특별시 노원구 상계동 노해로77길,1
서울특별시 노원구 상계동 덕릉로,10
서울특별시 노원구 상계동 덕릉로115다길,1
서울특별시 노원구 상계동 동부간선로,5
서울특별시 노원구 상계동 동일로,15
서울특별시 노원구 상계동 동일로228길,2
서울특별시 노원구 상계동 동일로243길,2
서울특별시 노원구 상계동 동일로245가길,2
서울특별시 노원구 상계동 방학로,1
서울특별시 노원구 상계동 상계로,5
서울특별시 노원구 상계동 수락산로,2
서울특별시 노원구 상계동 한글비석로,7
서울특별시 노원구 상계동 한글비석로46길,1
서울특별시 노원구 월계동 광운로,6
서울특별시 노원구 월계동 덕릉로60길,1
서울특별시 노원구 월계동 마들로,5
서울특별시 노원구 월계동 석계로,2
서울특별시 노원구 월계동 석계로1길,1
서울특별시 노원구 월계동 우이천로,2
서울특별시 노원구 월계동 월계로,4
서울특별시 노원구 월계동 월계로45가길,2
서울특별시 노원구 월계동 월계로53길,1
서울특별시 노원구 월계동 초안산로,4
서울특별시 노원구 월계동 초안산로1길,2
서울특별시 노원구 월계동 화랑로,4
서울특별시 노원구 중계동 공릉로,2
서울특별시 노원구 중계동 노원로,1
서울특별시 노원구 중계동 노원로19길,1
서울특별시 노원구 중계동 노원로24길,2
서울특별시 노원구 중계동 덕릉로,5
서울특별시 노원구 중계동 덕릉로70길,1
서울특별시 노원구 중계동 덕릉로73길,1
서울특별시 노원구 중계동 덕릉로82길,1
서울특별시 노원구 중계동 동일로,3
서울특별시 노원구 중계동 동일로203가길,1
서울특별시 노원구 중계동 동일로203길,1
서울특별시 노원구 중계동 동일로206길,1
서울특별시 노원구 중계동 동일로208길,1
서울특별시 노원구 중계동 동일로210길,2
서울특별시 노원구 중계동 섬밭로,1
서울특별시 노원구 중계동 중계로,1
서울특별시 노원구 중계동 중계로14나길,1
서울특별시 노원구 중계동 중계로17길,1
서울특별시 노원구 중계동 중계로18길,1
서울특별시 노원구 중계동 중계로19길,1
서울특별시 노원구 중계동 중계로8길,1
서울특별시 노원구 중계동 한글비석로,2
서울특별시 노원구 중계동 한글비석로15길,1
서울특별시 노원구 중계동 한글비석로19길,1
서울특별시 노원구 중계동 한글비석로20길,1
서울특별시 노원구 중계동 한글비석로22길,1
서울특별시 노원구 하계동 공릉로,4
서울특별시 노원구 하계동 노원로,2
서울특별시 노원구 하계동 노원로14길,2
서울특별시 노원구 하계동 노원로16길,1
서울특별시 노원구 하계동 노원로18길,1
서울특별시 노원구 하계동 동일로,1
서울특별시 노원구 하계동 섬밭로,1
서울특별시 노원구 하계동 한글비석로,4
서울특별시 도봉구 도봉동 도봉로,8
서울특별시 도봉구 도봉동 도봉로152길,1
서울특별시 도봉구 도봉동 도봉로154길,1
서울특별시 도봉구 도봉동 도봉로169가길,1
서울특별시 도봉구 도봉동 도봉로169나길,3
서울특별시 도봉구 도봉동 도봉로170길,2
서울특별시 도봉구 도봉동 도봉로180가길,3
서울특별시 도봉구 도봉동 도봉로180길,2
서울특별시 도봉구 도봉동 도봉로181길,1
서울특별시 도봉구 도봉동 도봉산길,1
서울특별시 도봉구 도봉동 마들로,5
서울특별시 도봉구 도봉동 시루봉로,1
서울특별시 도봉구 도봉동 창포원로,1
서울특별시 도봉구 방학동 도당로,7
서울특별시 도봉구 방학동 도봉로,1
서울특별시 도봉구 방학동 도봉로150길,1
서울특별시 도봉구 방학동 도봉로150나길,1
서울특별시 도봉구 방학동 도봉로152길,1
서울특별시 도봉구 방학동 방학로,10
서울특별시 도봉구 방학동 시루봉로,2
서울특별시 도봉구 방학동 해등로,1
서울특별시 도봉구 쌍문동 노해로,5
서울특별시 도봉구 쌍문동 노해로41길,2
서울특별시 도봉구 쌍문동 도당로,2
서울특별시 도봉구 쌍문동 도봉로,8
서울특별시 도봉구 쌍문동 삼양로,1
서울특별시 도봉구 쌍문동 시루봉로,1
서울특별시 도봉구 쌍문동 시루봉로2길,1
서울특별시 도봉구 쌍문동 우이천로,5
서울특별시 도봉구 쌍문동 우이천로34길,1
서울특별시 도봉구 쌍문동 우이천로38길,1
서울특별시 도봉구 쌍문동 해등로,2
서울특별시 도봉구 창동 노해로,5
서울특별시 도봉구 창동 노해로63가길,2
서울특별시 도봉구 창동 노해로63길,1
서울특별시 도봉구 창동 노해로65길,1
서울특별시 도봉구 창동 노해로69길,1
서울특별시 도봉구 창동 노해로70길,3
서울특별시 도봉구 창동 덕릉로,5
서울특별시 도봉구 창동 덕릉로60길,1
서울특별시 도봉구 창동 덕릉로63가길,1
서울특별시 도봉구 창동 도봉로,6
서울특별시 도봉구 창동 도봉로104길,2
서울특별시 도봉구 창동 마들로,2
서울특별시 도봉구 창동 마들로11길,5
서울특별시 도봉구 창동 우이천로,2
서울특별시 도봉구 창동 우이천로4길,2
서울특별시 도봉구 창동 해등로,1
서울특별시 도봉구 창동 해등로16길,3
서울특별시 도봉구 창동 해등로3길,2
서울특별시 동대문구 답십리동 답십리로,4
서울특별시 동대문구 답십리동 답십리로57길,1
서울특별시 동대문구 답십리동 사가정로4길,1
서울특별시 동대문구 답십리동 전농로,8
서울특별시 동대문구 답십리동 천호대로,3
서울특별시 동대문구 답십리동 한천로,3
서울특별시 동대문구 답십리동 황물로,4
서울특별시 동대문구 신설동 난계로,4
서울특별시 동대문구 신설동 왕산로,2
서울특별시 동대문구 신설동 종로,1
서울특별시 동대문구 신설동 한빛로,1
서울특별시 동대문구 용두동 고산자로,3
서울특별시 동대문구 용두동 답십리로,1
서울특별시 동대문구 용두동 무학로,3
서울특별시 동대문구 용두동 왕산로,6
서울특별시 동대문구 용두동 왕산로26길,1
서울특별시 동대문구 용두동 천호대로,4
서울특별시 동대문구 용두동 천호대로27길,1
서울특별시 동대문구 용두동 청계천로,3
서울특별시 동대문구 이문동 외대역동로,1
서울특별시 동대문구 이문동 이문로,5
서울특별시 동대문구 이문동 이문로9길,2
서울특별시 동대문구 이문동 천장산로,1
서울특별시 동대문구 이문동 한천로,1
서울특별시 동대문구 이문동 한천로58길,1
서울특별시 동대문구 장안동 답십리로,3
서울특별시 동대문구 장안동 답십리로65길,1
서울특별시 동대문구 장안동 답십리로66길,2
서울특별시 동대문구 장안동 답십리로69길,2
서울특별시 동대문구 장안동 답십리로72길,1
서울특별시 동대문구 장안동 사가정로,7
서울특별시 동대문구 장안동 장안벚꽃로,4
서울특별시 동대문구 장안동 장한로,6
서울특별시 동대문구 장안동 장한로17길,2
서울특별시 동대문구 장안동 장한로18길,2
서울특별시 동대문구 장안동 장한로22길,1
서울특별시 동대문구 장안동 장한로25길,1
서울특별시 동대문구 장안동 장한로2길,1
서울특별시 동대문구 장안동 장한로5길,1
서울특별시 동대문구 장안동 천호대로,7
서울특별시 동대문구 장안동 천호대로77길,2
서울특별시 동대문구 장안동 한천로,5
서울특별시 동대문구 장안동 한천로14길,3
서울특별시 동대문구 전농동 답십리로,2
서울특별시 동대문구 전농동 사가정로,3
서울특별시 동대문구 전농동 서울시립대로,2
서울특별시 동대문구 전농동 왕산로,6
서울특별시 동대문구 제기동 경동시장로,13
서울특별시 동대문구 제기동 경동시장로2길,1
서울특별시 동대문구 제기동 고산자로,19
서울특별시 동대문구 제기동 고산자로56길,1
서울특별시 동대문구 제기동 안암로,1
서울특별시 동대문구 제기동 약령시로,2
서울특별시 동대문구 제기동 왕산로,5
서울특별시 동대문구 제기동 정릉천동로,1
서울특별시 동대문구 제기동 제기로,2
서울특별시 동대문구 청량리동 약령시로,2
서울특별시 동대문구 청량리동 왕산로,4
서울특별시 동대문구 청량리동 제기로,9
서울특별시 동대문구 청량리동 홍릉로,2
서울특별시 동대문구 청량리동 회기로,1
서울특별시 동대문구 회기동 이문로,3
서울특별시 동대문구 휘경동 망우로,10
서울특별시 동대문구 휘경동 망우로21길,1
서울특별시 동대문구 휘경동 왕산로,1
서울특별시 동대문구 휘경동 외대역동로,1
서울특별시 동대문구 휘경동 장안벚꽃로,2
서울특별시 동대문구 휘경동 한천로,1
서울특별시 동대문구 휘경동 휘경로,2
서울특별시 동작구 노량진동 노들로,1
서울특별시 동작구 노량진동 노량진로,5
서울특별시 동작구 노량진동 노량진로8길,2
서울특별시 동작구 노량진동 만양로,1
서울특별시 동작구 노량진동 양녕로,2
서울특별시 동작구 노량진동 올림픽대로,2
서울특별시 동작구 노량진동 장승배기로,5
서울특별시 동작구 대방동 국사봉길,1
서울특별시 동작구 대방동 대방동23길,1
서울특별시 동작구 대방동 대방동27길,2
서울특별시 동작구 대방동 대방동길,2
서울특별시 동작구 대방동 등용로,1
서울특별시 동작구 대방동 등용로14길,1
서울특별시 동작구 대방동 상도로,4
서울특별시 동작구 대방동 여의대방로,1
서울특별시 동작구 대방동 여의대방로24길,2
서울특별시 동작구 대방동 여의대방로36길,2
서울특별시 동작구 동작동 사당로23나길,1
서울특별시 동작구 본동 노량진로,1
서울특별시 동작구 본동 노량진로23가길,1
서울특별시 동작구 본동 매봉로,1
서울특별시 동작구 본동 양녕로,3
서울특별시 동작구 본동 올림픽대로,2
서울특별시 동작구 본동 현충로,1
서울특별시 동작구 사당동 남부순환로,1
서울특별시 동작구 사당동 동작대로,2
서울특별시 동작구 사당동 동작대로23길,1
서울특별시 동작구 사당동 동작대로29길,4
서울특별시 동작구 사당동 사당로,11
서울특별시 동작구 사당동 사당로16길,2
서울특별시 동작구 사당동 사당로17길,2
서울특별시 동작구 사당동 사당로23길,1
서울특별시 동작구 사당동 사당로23나길,2
서울특별시 동작구 사당동 솔밭로,1
서울특별시 동작구 상도1동 상도로,1
서울특별시 동작구 상도1동 양녕로,4
서울특별시 동작구 상도동 국사봉1길,1
서울특별시 동작구 상도동 국사봉길,1
서울특별시 동작구 상도동 등용로,1
서울특별시 동작구 상도동 만양로,2
서울특별시 동작구 상도동 사당로,1
서울특별시 동작구 상도동 상도로,9
서울특별시 동작구 상도동 상도로15길,1
서울특별시 동작구 상도동 상도로26길,1
서울특별시 동작구 상도동 상도로53길,1
서울특별시 동작구 상도동 성대로,5
서울특별시 동작구 상도동 성대로12길,2
서울특별시 동작구 상도동 성대로1길,1
서울특별시 동작구 상도동 성대로2길,4
서울특별시 동작구 상도동 양녕로,3
서울특별시 동작구 상도동 양녕로23길,2
서울특별시 동작구 상도동 양녕로26길,2
서울특별시 동작구 상도동 장승배기로,4
서울특별시 동작구 신대방동 대림로,1
서울특별시 동작구 신대방동 보라매로5가길,1
서울특별시 동작구 신대방동 보라매로5길,2
서울특별시 동작구 신대방동 시흥대로,6
서울특별시 동작구 신대방동 여의대방로,2
서울특별시 동작구 신대방동 여의대방로10길,1
서울특별시 동작구 신대방동 여의대방로22길,2
서울특별시 동작구 신대방동 여의대방로24길,1
서울특별시 동작구 흑석동 서달로,1
서울특별시 동작구 흑석동 올림픽대로,2
서울특별시 동작구 흑석동 현충로,2
서울특별시 마포구 공덕동 마포대로,2
서울특별시 마포구 공덕동 마포대로14길,1
서울특별시 마포구 공덕동 만리재로,2
서울특별시 마포구 공덕동 백범로,5
서울특별시 마포구 공덕동 백범로36길,1
서울특별시 마포구 노고산동 백범로,1
서울특별시 마포구 노고산동 신촌로,3
서울특별시 마포구 대흥동 대흥로,2
서울특별시 마포구 대흥동 대흥로20길,1
서울특별시 마포구 대흥동 독막로,1
서울특별시 마포구 대흥동 백범로,1
서울특별시 마포구 대흥동 숭문길,3
서울특별시 마포구 도화동 도화길,1
서울특별시 마포구 도화동 마포대로,4
서울특별시 마포구 도화동 삼개로,3
서울특별시 마포구 도화동 새창로8길,2
서울특별시 마포구 동교동 동교로,2
서울특별시 마포구 동교동 양화로,3
서울특별시 마포구 동교동 연희로,1
서울특별시 마포구 동교동 월드컵북로,1
서울특별시 마포구 마포동 강변북로,1
서울특별시 마포구 마포동 마포대로,2
서울특별시 마포구 마포동 토정로,1
서울특별시 마포구 망원동 강변북로,2
서울특별시 마포구 망원동 망원로,1
서울특별시 마포구 망원동 방울내로11길,1
서울특별시 마포구 망원동 성산로,3
서울특별시 마포구 망원동 연남로13길,1
서울특별시 마포구 망원동 월드컵로,6
서울특별시 마포구 망원동 월드컵로25길,3
서울특별시 마포구 망원동 포은로,1
서울특별시 마포구 상수동 독막로,1
서울특별시 마포구 상수동 와우산로,1
서울특별시 마포구 상암동 가양대로,2
서울특별시 마포구 상암동 마포나루길,1
서울특별시 마포구 상암동 매봉산로,1
서울특별시 마포구 상암동 상암산로,1
서울특별시 마포구 상암동 성암로,1
서울특별시 마포구 상암동 월드컵로,1
서울특별시 마포구 상암동 월드컵북로,1
서울특별시 마포구 상암동 월드컵북로60길,1
서울특별시 마포구 상암동 증산로,3
서울특별시 마포구 서교동 독막로,1
서울특별시 마포구 서교동 동교로,3
서울특별시 마포구 서교동 와우산로,1
서울특별시 마포구 서교동 와우산로17길,1
서울특별시 마포구 서교동 월드컵로10길,1
서울특별시 마포구 서교동 잔다리로,5
서울특별시 마포구 서교동 홍익로,1
서울특별시 마포구 성산동 모래내로7길,1
서울특별시 마포구 성산동 성미산로,2
서울특별시 마포구 성산동 성산로,1
서울특별시 마포구 성산동 성중길,1
서울특별시 마포구 성산동 월드컵로,6
서울특별시 마포구 성산동 월드컵로30길,1
서울특별시 마포구 성산동 월드컵로36길,2
서울특별시 마포구 성산동 월드컵북로,3
서울특별시 마포구 성산동 증산로,1
서울특별시 마포구 신공덕동 백범로,2
서울특별시 마포구 신수동 국회대로,1
서울특별시 마포구 신수동 독막로,2
서울특별시 마포구 신수동 독막로28길,1
서울특별시 마포구 신수동 백범로,3
서울특별시 마포구 신수동 서강로,1
서울특별시 마포구 신수동 토정로,1
서울특별시 마포구 신정동 국회대로,1
서울특별시 마포구 신정동 창전로,1
서울특별시 마포구 아현동 마포대로,3
서울특별시 마포구 아현동 마포대로21길,1
서울특별시 마포구 아현동 만리재로,2
서울특별시 마포구 아현동 손기정로,1
서울특별시 마포구 아현동 신촌로,1
서울특별시 마포구 연남동 동교로,1
서울특별시 마포구 연남동 성미산로,2
서울특별시 마포구 연남동 연남로,1
서울특별시 마포구 염리동 백범로,1
서울특별시 마포구 염리동 신촌로,1
서울특별시 마포구 용강동 대흥로,1
서울특별시 마포구 용강동 토정로,1
서울특별시 마포구 용강동 토정로31길,1
서울특별시 마포구 용강동 토정로37길,1
서울특별시 마포구 중동 모래내로9길,1
서울특별시 마포구 창전동 서강로,1
서울특별시 마포구 창전동 서강로9길,2
서울특별시 마포구 창전동 창전로,1
서울특별시 마포구 창전동 토정로,1
서울특별시 마포구 합정동 강변북로,1
서울특별시 마포구 합정동 독막로,1
서울특별시 마포구 합정동 독막로8길,1
서울특별시 마포구 합정동 양화로,5
서울특별시 마포구 합정동 포은로,1
서울특별시 서대문구 남가좌동 가재울미래로,2
서울특별시 서대문구 남가좌동 거북골로,3
서울특별시 서대문구 남가좌동 모래내로15길,2
서울특별시 서대문구 남가좌동 수색로,2
서울특별시 서대문구 남가좌동 증가로,2
서울특별시 서대문구 남가좌동 증가로12나길,1
서울특별시 서대문구 냉천동 통일로,2
서울특별시 서대문구 대신동 성산로,5
서울특별시 서대문구 대현동 신촌역로,4
서울특별시 서대문구 미근동 통일로,4
서울특별시 서대문구 북가좌동 거북골로,1
서울특별시 서대문구 북가좌동 불광천길,2
서울특별시 서대문구 북가좌동 수색로,4
서울특별시 서대문구 북가좌동 수색로6길,1
서울특별시 서대문구 북가좌동 응암로,6
서울특별시 서대문구 북가좌동 응암로1길,1
서울특별시 서대문구 북가좌동 증가로,2
서울특별시 서대문구 북가좌동 증가로20가길,1
서울특별시 서대문구 북아현동 북아현로,8
서울특별시 서대문구 북아현동 서소문로,1
서울특별시 서대문구 북아현동 신촌로29길,1
서울특별시 서대문구 신촌동 성산로,4
서울특별시 서대문구 신촌동 성산로24길,1
서울특별시 서대문구 연희동 가좌로,1
서울특별시 서대문구 연희동 모래내로,2
서울특별시 서대문구 연희동 성산로,5
서울특별시 서대문구 연희동 수색로,1
서울특별시 서대문구 연희동 연희로,5
서울특별시 서대문구 연희동 연희로11길,1
서울특별시 서대문구 연희동 연희맛로,1
서울특별시 서대문구 연희동 증가로,2
서울특별시 서대문구 연희동 홍제천로,1
서울특별시 서대문구 영천동 독립문로,1
서울특별시 서대문구 영천동 성산로,1
서울특별시 서대문구 영천동 통일로,2
서울특별시 서대문구 창천동 성산로,2
서울특별시 서대문구 창천동 신촌로,1
서울특별시 서대문구 창천동 연세로,1
서울특별시 서대문구 창천동 연세로5길,2
서울특별시 서대문구 충정로2가 충정로,1
서울특별시 서대문구 충정로2가 통일로,1
서울특별시 서대문구 충정로3가 서소문로,3
서울특별시 서대문구 충정로3가 충정로,1
서울특별시 서대문구 합동 서소문로,1
서울특별시 서대문구 현저동 통일로,5
서울특별시 서대문구 홍은동 가좌로,8
서울특별시 서대문구 홍은동 모래내로,2
서울특별시 서대문구 홍은동 세검정로,2
서울특별시 서대문구 홍은동 세검정로1길,2
서울특별시 서대문구 홍은동 연희로,3
서울특별시 서대문구 홍은동 연희로41길,4
서울특별시 서대문구 홍은동 통일로,3
서울특별시 서대문구 홍은동 홍은중앙로,4
서울특별시 서대문구 홍은동 홍지문길,1
서울특별시 서대문구 홍제동 모래내로,1
서울특별시 서대문구 홍제동 세검정로,5
서울특별시 서대문구 홍제동 세검정로4길,1
서울특별시 서대문구 홍제동 인왕시장길,2
서울특별시 서대문구 홍제동 통일로,9
서울특별시 서대문구 홍제동 홍제내길,1
서울특별시 서초구 내곡동 언주로,1
서울특별시 서초구 내곡동 헌릉로,2
서울특별시 서초구 반포동 고무래로,1
서울특별시 서초구 반포동 동작대로,3
서울특별시 서초구 반포동 반포대로,7
서울특별시 서초구 반포동 사평대로,15
서울특별시 서초구 반포동 서래로,1
서울특별시 서초구 반포동 신반포로,4
서울특별시 서초구 반포동 신반포로15길,2
서울특별시 서초구 반포동 신반포로19길,1
서울특별시 서초구 반포동 올림픽대로,1
서울특별시 서초구 반포동 잠원로,4
서울특별시 서초구 반포동 주흥길,3
서울특별시 서초구 방배동 과천대로,2
서울특별시 서초구 방배동 남부순환로,6
서울특별시 서초구 방배동 도구로,1
서울특별시 서초구 방배동 동광로,4
서울특별시 서초구 방배동 동작대로,4
서울특별시 서초구 방배동 방배로,5
서울특별시 서초구 방배동 방배로37길,1
서울특별시 서초구 방배동 방배중앙로,1
서울특별시 서초구 방배동 방배천로,4
서울특별시 서초구 방배동 사평대로,1
서울특별시 서초구 방배동 효령로,1
서울특별시 서초구 방배동 효령로4길,1
서울특별시 서초구 서초동 강남대로,1
서울특별시 서초구 서초동 경부고속도로,3
서울특별시 서초구 서초동 남부순환로,3
서울특별시 서초구 서초동 남부순환로331길,1
서울특별시 서초구 서초동 남부순환로339길,1
서울특별시 서초구 서초동 명달로,2
서울특별시 서초구 서초동 반포대로,3
서울특별시 서초구 서초동 반포대로27길,1
서울특별시 서초구 서초동 사임당로,3
서울특별시 서초구 서초동 사임당로20길,1
서울특별시 서초구 서초동 사평대로,3
서울특별시 서초구 서초동 사평대로56길,3
서울특별시 서초구 서초동 서운로,4
서울특별시 서초구 서초동 서운로26길,1
서울특별시 서초구 서초동 서초대로,12
서울특별시 서초구 서초동 서초대로38길,1
서울특별시 서초구 서초동 서초대로40길,1
서울특별시 서초구 서초동 서초대로64길,2
서울특별시 서초구 서초동 서초대로77길,1
서울특별시 서초구 서초동 서초중앙로,6
서울특별시 서초구 서초동 효령로,5
서울특별시 서초구 서초동 효령로55길,1
서울특별시 서초구 서초동 효령로68길,1
서울특별시 서초구 신원동 청계산로,1
서울특별시 서초구 신원동 청계산로9길,1
서울특별시 서초구 양재동 강남대로,5
서울특별시 서초구 양재동 경부고속도로,3
서울특별시 서초구 양재동 남부순환로,1
서울특별시 서초구 양재동 논현로,1
서울특별시 서초구 양재동 동산로,1
서울특별시 서초구 양재동 동산로19길,1
서울특별시 서초구 양재동 마방로,2
서울특별시 서초구 양재동 매헌로,3
서울특별시 서초구 양재동 바우뫼로,2
서울특별시 서초구 양재동 바우뫼로12길,1
서울특별시 서초구 양재동 양재대로,7
서울특별시 서초구 양재동 헌릉로,2
서울특별시 서초구 우면동 양재대로,1
서울특별시 서초구 우면동 잠원로,1
서울특별시 서초구 우면동 중앙로,2
서울특별시 서초구 원지동 경부고속도로,2
서울특별시 서초구 원지동 양재대로,1
서울특별시 서초구 잠원동 강남대로,2
서울특별시 서초구 잠원동 바우뫼로,1
서울특별시 서초구 잠원동 반포대로,2
서울특별시 서초구 잠원동 신반포로,5
서울특별시 서초구 잠원동 신반포로23길,2
서울특별시 서초구 잠원동 신반포로33길,1
서울특별시 서초구 잠원동 신반포로47길,1
서울특별시 서초구 잠원동 올림픽대로,3
서울특별시 서초구 잠원동 잠원로,6
서울특별시 서초구 잠원동 잠원로4길,1
서울특별시 성동구 금호동1가 행당로,1
서울특별시 성동구 금호동2가 금호로,1
서울특별시 성동구 금호동2가 금호산길,1
서울특별시 성동구 금호동4가 강변북로,1
서울특별시 성동구 금호동4가 금호로,2
서울특별시 성동구 금호동4가 금호로3길,1
서울특별시 성동구 금호동4가 뚝섬로,1
서울특별시 성동구 금호동4가 장터길,3
서울특별시 성동구 도선동 고산자로,1
서울특별시 성동구 도선동 무학로,2
서울특별시 성동구 도선동 무학로6길,1
서울특별시 성동구 도선동 왕십리로,1
서울특별시 성동구 도선동 왕십리로24길,1
서울특별시 성동구 마장동 고산자로,2
서울특별시 성동구 마장동 마장로,2
서울특별시 성동구 마장동 살곶이길,2
서울특별시 성동구 사근동 살곶이길,1
서울특별시 성동구 사근동 왕십리로,1
서울특별시 성동구 상왕십리동 난계로,1
서울특별시 성동구 상왕십리동 마장로,2
서울특별시 성동구 상왕십리동 마장로19길,3
서울특별시 성동구 성수동1가 강변북로,3
서울특별시 성동구 성수동1가 고산자로,6
서울특별시 성동구 성수동1가 광나루로,3
서울특별시 성동구 성수동1가 동부간선로,5
서울특별시 성동구 성수동1가 뚝섬로,1
서울특별시 성동구 성수동1가 뚝섬로1길,1
서울특별시 성동구 성수동1가 뚝섬로5길,1
서울특별시 성동구 성수동1가 서울숲길,1
서울특별시 성동구 성수동1가 성수일로,1
서울특별시 성동구 성수동1가 언주로,2
서울특별시 성동구 성수동1가 왕십리로,4
서울특별시 성동구 성수동2가 광나루로,1
서울특별시 성동구 성수동2가 뚝섬로,1
서울특별시 성동구 성수동2가 뚝섬로17길,1
서울특별시 성동구 성수동2가 성수이로,3
서울특별시 성동구 성수동2가 성수이로7길,1
서울특별시 성동구 성수동2가 성수일로,1
서울특별시 성동구 성수동2가 성수일로12길,1
서울특별시 성동구 성수동2가 성수일로8길,2
서울특별시 성동구 성수동2가 아차산로,1
서울특별시 성동구 성수동2가 아차산로7길,1
서울특별시 성동구 송정동 천호대로,1
서울특별시 성동구 옥수동 독서당로,2
서울특별시 성동구 옥수동 동호로,1
서울특별시 성동구 옥수동 뚝섬로,2
서울특별시 성동구 옥수동 매봉길,1
서울특별시 성동구 용답동 마장로,1
서울특별시 성동구 용답동 자동차시장3길,2
서울특별시 성동구 용답동 천호대로,3
서울특별시 성동구 응봉동 독서당로,3
서울특별시 성동구 하왕십리동 난계로,1
서울특별시 성동구 하왕십리동 마장로,1
서울특별시 성동구 하왕십리동 무학로,2
서울특별시 성동구 하왕십리동 무학봉길,1
서울특별시 성동구 하왕십리동 왕십리로,2
서울특별시 성동구 행당동 고산자로,5
서울특별시 성동구 행당동 고산자로10길,1
서울특별시 성동구 행당동 고산자로4길,1
서울특별시 성동구 행당동 마조로,1
서울특별시 성동구 행당동 사근동길,2
서울특별시 성동구 행당동 왕십리광장로,1
서울특별시 성동구 행당동 왕십리로,2
서울특별시 성동구 홍익동 무학로,1
서울특별시 성북구 길음동 길음로13길,1
서울특별시 성북구 길음동 길음로7길,1
서울특별시 성북구 길음동 동소문로,5
서울특별시 성북구 길음동 삼양로,1
서울특별시 성북구 길음동 삼양로13길,2
서울특별시 성북구 길음동 서경로6길,1
서울특별시 성북구 길음동 숭인로,1
서울특별시 성북구 길음동 정릉로,1
서울특별시 성북구 돈암동 동소문로,4
서울특별시 성북구 돈암동 북악산로,1
서울특별시 성북구 돈암동 아리랑로,2
서울특별시 성북구 돈암동 정릉로,4
서울특별시 성북구 돈암동 정릉로48길,1
서울특별시 성북구 동선동2가 고려대로7길,2
서울특별시 성북구 동선동2가 보문로30길,1
서울특별시 성북구 동선동4가 동소문로,1
서울특별시 성북구 동선동4가 동소문로26다길,1
서울특별시 성북구 동선동4가 아리랑로,2
서울특별시 성북구 동선동4가 아리랑로4길,1
서울특별시 성북구 동소문동1가 동소문로,1
서울특별시 성북구 동소문동1가 성북로2길,1
서울특별시 성북구 동소문동3가 동소문로,2
서울특별시 성북구 동소문동3가 보문로,1
서울특별시 성북구 동소문동5가 동소문로,2
서울특별시 성북구 동소문동5가 보문로40길,1
서울특별시 성북구 동소문동7가 아리랑로5길,2
서울특별시 성북구 보문동1가 보문로30길,1
서울특별시 성북구 보문동4가 보문로,1
서울특별시 성북구 보문동5가 지봉로20길,1
서울특별시 성북구 보문동6가 보문사길,1
서울특별시 성북구 보문동7가 보문로,1
서울특별시 성북구 보문동7가 안암로5길,1
서울특별시 성북구 삼선동1가 삼선교로,1
서울특별시 성북구 삼선동2가 삼선교로16길,1
서울특별시 성북구 삼선동3가 보문로29다길,1
서울특별시 성북구 삼선동5가 고려대로5길,1
서울특별시 성북구 삼선동5가 보문로,2
서울특별시 성북구 삼선동5가 삼선교로,1
서울특별시 성북구 상월곡동 장월로,3
서울특별시 성북구 상월곡동 장월로1길,1
서울특별시 성북구 상월곡동 화랑로,2
서울특별시 성북구 석관동 돌곶이로,4
서울특별시 성북구 석관동 한천로,4
서울특별시 성북구 석관동 한천로58길,1
서울특별시 성북구 석관동 한천로66길,2
서울특별시 성북구 석관동 한천로76길,3
서울특별시 성북구 석관동 화랑로,3
서울특별시 성북구 성북동 성북로,5
서울특별시 성북구 성북동 성북로23길,1
서울특별시 성북구 성북동1가 성북로,1
서울특별시 성북구 안암동1가 보문로30가길,1
서울특별시 성북구 안암동3가 고려대로14길,1
서울특별시 성북구 안암동4가 안암로,1
서울특별시 성북구 안암동4가 안암로5길,1
서울특별시 성북구 안암동5가 고려대로,3
서울특별시 성북구 안암동5가 고려대로14길,1
서울특별시 성북구 안암동5가 고려대로24길,2
서울특별시 성북구 안암동5가 안암로,3
서울특별시 성북구 장위동 돌곶이로,1
서울특별시 성북구 장위동 돌곶이로27길,2
서울특별시 성북구 장위동 월계로,1
서울특별시 성북구 장위동 장월로,7
서울특별시 성북구 장위동 장위로,2
서울특별시 성북구 장위동 장위로15길,1
서울특별시 성북구 장위동 한천로,3
서울특별시 성북구 장위동 화랑로,6
서울특별시 성북구 장위동 화랑로19길,1
서울특별시 성북구 장위동 화랑로25길,4
서울특별시 성북구 정릉동 동소문로,1
서울특별시 성북구 정릉동 보국문로,6
서울특별시 성북구 정릉동 보국문로11길,3
서울특별시 성북구 정릉동 보국문로16길,2
서울특별시 성북구 정릉동 북악산로,3
서울특별시 성북구 정릉동 서경로,1
서울특별시 성북구 정릉동 솔샘로,4
서울특별시 성북구 정릉동 솔샘로11길,1
서울특별시 성북구 정릉동 솔샘로25길,1
서울특별시 성북구 정릉동 아리랑로,1
서울특별시 성북구 정릉동 정릉로,5
서울특별시 성북구 정릉동 정릉로10길,1
서울특별시 성북구 정릉동 정릉로24길,1
서울특별시 성북구 정릉동 정릉로26길,1
서울특별시 성북구 종암동 월곡로,3
서울특별시 성북구 종암동 종암로,11
서울특별시 성북구 종암동 종암로30길,1
서울특별시 성북구 종암동 종암로3길,1
서울특별시 성북구 종암동 회기로,3
서울특별시 성북구 하월곡동 동소문로44길,1
서울특별시 성북구 하월곡동 삼양로,2
서울특별시 성북구 하월곡동 오패산로,4
서울특별시 성북구 하월곡동 오패산로3길,1
서울특별시 성북구 하월곡동 월계로,1
서울특별시 성북구 하월곡동 월곡로,1
서울특별시 성북구 하월곡동 장월로1길,1
서울특별시 성북구 하월곡동 정릉로,4
서울특별시 성북구 하월곡동 종암로,4
서울특별시 성북구 하월곡동 화랑로,6
서울특별시 성북구 하월곡동 화랑로11길,1
서울특별시 성북구 하월곡동 화랑로13길,3
서울특별시 성북구 하월곡동 화랑로14길,1
서울특별시 성북구 하월곡동 화랑로5길,1
서울특별시 송파구 가락동 동남로,2
서울특별시 송파구 가락동 동남로14길,1
서울특별시 송파구 가락동 동남로18길,2
서울특별시 송파구 가락동 문정로,2
서울특별시 송파구 가락동 삼학사로2길,1
서울특별시 송파구 가락동 송이로,2
서울특별시 송파구 가락동 송파대로,6
서울특별시 송파구 가락동 송파대로28길,2
서울특별시 송파구 가락동 양재대로,10
서울특별시 송파구 가락동 양재대로60길,1
서울특별시 송파구 가락동 오금로,1
서울특별시 송파구 가락동 오금로35길,1
서울특별시 송파구 가락동 오금로46길,1
서울특별시 송파구 가락동 중대로,10
서울특별시 송파구 가락동 중대로1길,1
서울특별시 송파구 가락동 중대로2길,1
서울특별시 송파구 가락동 중대로9길,1
서울특별시 송파구 거여동 거마로,4
서울특별시 송파구 거여동 마천로,2
서울특별시 송파구 거여동 수도권제1순환고속도로,1
서울특별시 송파구 거여동 양산로,1
서울특별시 송파구 거여동 양산로4길,1
서울특별시 송파구 거여동 오금로,1
서울특별시 송파구 마천동 마천로,3
서울특별시 송파구 마천동 마천로61길,1
서울특별시 송파구 마천동 성내천로,1
서울특별시 송파구 마천동 성내천로23길,1
서울특별시 송파구 마천동 성내천로37길,3
서울특별시 송파구 문정동 동남로12길,1
서울특별시 송파구 문정동 동남로4길,1
서울특별시 송파구 문정동 문정로,2
서울특별시 송파구 문정동 문정로4길,1
서울특별시 송파구 문정동 문정로5길,1
서울특별시 송파구 문정동 법원로12길,1
서울특별시 송파구 문정동 새말로,4
서울특별시 송파구 문정동 송이로,1
서울특별시 송파구 문정동 송파대로,6
서울특별시 송파구 문정동 자곡로,1
서울특별시 송파구 문정동 중대로,5
서울특별시 송파구 문정동 중대로8길,1
서울특별시 송파구 방이동 강동대로,2
서울특별시 송파구 방이동 동남로,1
서울특별시 송파구 방이동 백제고분로,4
서울특별시 송파구 방이동 백제고분로48길,1
서울특별시 송파구 방이동 백제고분로50길,4
서울특별시 송파구 방이동 양재대로,3
서울특별시 송파구 방이동 양재대로72길,1
서울특별시 송파구 방이동 오금로,1
서울특별시 송파구 방이동 오금로11길,2
서울특별시 송파구 방이동 오금로27길,1
서울특별시 송파구 방이동 올림픽로,1
서울특별시 송파구 방이동 올림픽로37길,1
서울특별시 송파구 방이동 위례성대로,8
서울특별시 송파구 삼전동 백제고분로,5
서울특별시 송파구 삼전동 백제고분로27길,1
서울특별시 송파구 삼전동 백제고분로31길,1
서울특별시 송파구 삼전동 백제고분로32길,1
서울특별시 송파구 삼전동 삼전로,3
서울특별시 송파구 삼전동 삼전로2길,1
서울특별시 송파구 삼전동 삼학사로,2
서울특별시 송파구 석촌동 가락로,5
서울특별시 송파구 석촌동 가락로11길,1
서울특별시 송파구 석촌동 백제고분로,2
서울특별시 송파구 석촌동 백제고분로39길,1
서울특별시 송파구 석촌동 석촌호수로,3
서울특별시 송파구 석촌동 송파대로,2
서울특별시 송파구 송파동 가락로,4
서울특별시 송파구 송파동 백제고분로,3
서울특별시 송파구 송파동 백제고분로42길,1
서울특별시 송파구 송파동 석촌호수로,1
서울특별시 송파구 송파동 송이로,1
서울특별시 송파구 송파동 송파대로,4
서울특별시 송파구 송파동 양재대로,2
서울특별시 송파구 송파동 오금로,4
서울특별시 송파구 송파동 오금로18길,1
서울특별시 송파구 송파동 위례중앙로,1
서울특별시 송파구 신천동 송파대로,4
서울특별시 송파구 신천동 오금로,2
서울특별시 송파구 신천동 올림픽로,6
서울특별시 송파구 신천동 올림픽로35길,3
서울특별시 송파구 신천동 올림픽로35나길,1
서울특별시 송파구 오금동 동남로,7
서울특별시 송파구 오금동 마천로,2
서울특별시 송파구 오금동 양재대로,1
서울특별시 송파구 오금동 오금로,2
서울특별시 송파구 오금동 오금로35길,1
서울특별시 송파구 오금동 위례성대로,1
서울특별시 송파구 오금동 중대로,2
서울특별시 송파구 잠실동 백제고분로,4
서울특별시 송파구 잠실동 백제고분로7길,3
서울특별시 송파구 잠실동 백제고분로9길,1
서울특별시 송파구 잠실동 삼전로,3
서울특별시 송파구 잠실동 석촌호수로,3
서울특별시 송파구 잠실동 송파대로,2
서울특별시 송파구 잠실동 올림픽대로,2
서울특별시 송파구 잠실동 올림픽로,7
서울특별시 송파구 잠실동 올림픽로12길,4
서울특별시 송파구 잠실동 올림픽로4길,1
서울특별시 송파구 잠실동 잠실로,4
서울특별시 송파구 잠실동 탄천동로,2
서울특별시 송파구 잠실동 한가람로,3
서울특별시 송파구 장지동 성남대로,2
서울특별시 송파구 장지동 송파대로,2
서울특별시 송파구 장지동 수도권제1순환고속도로,1
서울특별시 송파구 장지동 위례광장로2길,1
서울특별시 송파구 장지동 위례서로,1
서울특별시 송파구 장지동 위례순환로,1
서울특별시 송파구 장지동 위례중앙로,1
서울특별시 송파구 장지동 유통단지길,1
서울특별시 송파구 장지동 충민로,1
서울특별시 송파구 장지동 충민로2길,2
서울특별시 송파구 풍납동 강동대로,2
서울특별시 송파구 풍납동 올림픽로,3
서울특별시 송파구 풍납동 토성로,1
서울특별시 송파구 풍납동 풍성로,2
서울특별시 송파구 풍납동 풍성로25길,1
서울특별시 송파구 풍납동 풍성로26길,1
서울특별시 송파구 풍납동 한가람로,4
서울특별시 양천구 목동 공항대로,1
서울특별시 양천구 목동 국회대로,1
서울특별시 양천구 목동 등촌로,7
서울특별시 양천구 목동 목동동로,6
서울특별시 양천구 목동 목동동로12길,1
서울특별시 양천구 목동 목동로,1
서울특별시 양천구 목동 목동서로,5
서울특별시 양천구 목동 목동서로2길,1
서울특별시 양천구 목동 목동중앙남로,2
서울특별시 양천구 목동 목동중앙남로11길,2
서울특별시 양천구 목동 목동중앙로,1
서울특별시 양천구 목동 목동중앙본로,4
서울특별시 양천구 목동 목동중앙본로7길,2
서울특별시 양천구 목동 목동중앙북로,6
서울특별시 양천구 목동 목동중앙서로,1
서울특별시 양천구 목동 신목로,4
서울특별시 양천구 목동 안양천로,1
서울특별시 양천구 목동 오목로,2
서울특별시 양천구 신월동 가로공원로,4
서울특별시 양천구 신월동 가로공원로55길,1
서울특별시 양천구 신월동 가로공원로69길,1
서울특별시 양천구 신월동 곰달래로,1
서울특별시 양천구 신월동 곰달래로14길,1
서울특별시 양천구 신월동 곰달래로5길,2
서울특별시 양천구 신월동 곰달래로6길,1
서울특별시 양천구 신월동 국회대로,2
서울특별시 양천구 신월동 남부순환로,10
서울특별시 양천구 신월동 남부순환로57길,1
서울특별시 양천구 신월동 남부순환로70길,1
서울특별시 양천구 신월동 남부순환로72길,1
서울특별시 양천구 신월동 목동중앙서로,1
서울특별시 양천구 신월동 신월로,3
서울특별시 양천구 신월동 오목로,4
서울특별시 양천구 신월동 오목로3길,1
서울특별시 양천구 신월동 오목로4길,1
서울특별시 양천구 신월동 월정로,3
서울특별시 양천구 신월동 월정로50길,1
서울특별시 양천구 신월동 중앙로,2
서울특별시 양천구 신월동 화곡로,1
서울특별시 양천구 신정동 강서로5길,1
서울특별시 양천구 신정동 국회대로,2
서울특별시 양천구 신정동 남부순환로,1
서울특별시 양천구 신정동 목동남로,3
서울특별시 양천구 신정동 목동남로4길,1
서울특별시 양천구 신정동 목동동로,3
서울특별시 양천구 신정동 목동동로12길,3
서울특별시 양천구 신정동 목동동로2길,1
서울특별시 양천구 신정동 목동동로4길,1
서울특별시 양천구 신정동 목동동로8길,2
서울특별시 양천구 신정동 목동로,5
서울특별시 양천구 신정동 목동로3길,1
서울특별시 양천구 신정동 목동서로,4
서울특별시 양천구 신정동 신목로,3
서울특별시 양천구 신정동 신목로2길,1
서울특별시 양천구 신정동 신목로7길,2
서울특별시 양천구 신정동 신월로,4
서울특별시 양천구 신정동 신정로,2
서울특별시 양천구 신정동 신정로14길,1
서울특별시 양천구 신정동 신정로5길,1
서울특별시 양천구 신정동 신정중앙로,1
서울특별시 양천구 신정동 신정중앙로23길,2
서울특별시 양천구 신정동 안양천로,2
서울특별시 양천구 신정동 오목로,8
서울특별시 양천구 신정동 오목로30길,1
서울특별시 양천구 신정동 은행정로,1
서울특별시 양천구 신정동 중앙로,8
서울특별시 양천구 신정동 중앙로21길,2
서울특별시 양천구 신정동 중앙로32길,2
서울특별시 양천구 신정동 중앙로36길,2
서울특별시 영등포구 당산동 노들로,4
서울특별시 영등포구 당산동1가 당산로,1
서울특별시 영등포구 당산동1가 양산로,1
서울특별시 영등포구 당산동1가 영등포로,1
서울특별시 영등포구 당산동2가 영등포로,3
서울특별시 영등포구 당산동3가 국회대로,1
서울특별시 영등포구 당산동3가 당산로,3
서울특별시 영등포구 당산동4가 국회대로,1
서울특별시 영등포구 당산동4가 당산로,1
서울특별시 영등포구 당산동5가 당산로,1
서울특별시 영등포구 당산동6가 노들로,2
서울특별시 영등포구 대림동 대림로,6
서울특별시 영등포구 대림동 대방천로,2
서울특별시 영등포구 대림동 도림로,2
서울특별시 영등포구 대림동 도림로38길,1
서울특별시 영등포구 대림동 도림로54길,3
서울특별시 영등포구 대림동 도림천로,1
서울특별시 영등포구 대림동 도신로,1
서울특별시 영등포구 대림동 도영로,1
서울특별시 영등포구 대림동 디지털로,7
서울특별시 영등포구 대림동 시흥대로,1
서울특별시 영등포구 대림동 신길로,1
서울특별시 영등포구 도림동 대방천로,1
서울특별시 영등포구 도림동 도신로,6
서울특별시 영등포구 도림동 도신로29길,1
서울특별시 영등포구 도림동 도영로,1
서울특별시 영등포구 문래동1가 경인로,3
서울특별시 영등포구 문래동1가 도림로,1
서울특별시 영등포구 문래동2가 경인로,1
서울특별시 영등포구 문래동2가 도림로,2
서울특별시 영등포구 문래동3가 경인로89길,1
서울특별시 영등포구 문래동3가 당산로,1
서울특별시 영등포구 문래동3가 당산로4길,2
서울특별시 영등포구 문래동3가 도림로,1
서울특별시 영등포구 문래동3가 문래로,1
서울특별시 영등포구 문래동3가 문래로30길,1
서울특별시 영등포구 문래동3가 선유로,1
서울특별시 영등포구 문래동3가 영등포로28길,1
서울특별시 영등포구 문래동5가 도림천로,2
서울특별시 영등포구 문래동5가 선유로9길,1
서울특별시 영등포구 문래동6가 문래로,3
서울특별시 영등포구 문래동6가 선유로11길,1
서울특별시 영등포구 문래동6가 선유서로,1
서울특별시 영등포구 신길동 가마산로,3
서울특별시 영등포구 신길동 대방천로,5
서울특별시 영등포구 신길동 도림로,1
서울특별시 영등포구 신길동 도신로,7
서울특별시 영등포구 신길동 도신로56길,1
서울특별시 영등포구 신길동 신길로,18
서울특별시 영등포구 신길동 신길로28길,1
서울특별시 영등포구 신길동 신길로42가길,1
서울특별시 영등포구 신길동 신풍로,6
서울특별시 영등포구 신길동 신풍로17길,1
서울특별시 영등포구 신길동 여의대방로,2
서울특별시 영등포구 신길동 여의대방로43길,1
서울특별시 영등포구 신길동 여의대방로43나길,1
서울특별시 영등포구 신길동 영등포로,4
서울특별시 영등포구 신길동 영등포로84길,1
서울특별시 영등포구 신길동 영등포로86길,2
서울특별시 영등포구 양평동1가 선유서로,1
서울특별시 영등포구 양평동1가 양산로,1
서울특별시 영등포구 양평동1가 영등포로,1
서울특별시 영등포구 양평동1가 영등포로12길,1
서울특별시 영등포구 양평동2가 선유서로,1
서울특별시 영등포구 양평동2가 영등포로,1
서울특별시 영등포구 양평동2가 영등포로3길,1
서울특별시 영등포구 양평동2가 오목로,1
서울특별시 영등포구 양평동3가 국회대로,1
서울특별시 영등포구 양평동3가 선유동2로,1
서울특별시 영등포구 양평동3가 선유로,4
서울특별시 영등포구 양평동4가 선유로,2
서울특별시 영등포구 양평동4가 양평로,2
서울특별시 영등포구 양평동4가 양평로17길,2
서울특별시 영등포구 양평동5가 양평로,1
서울특별시 영등포구 양평동5가 양평로28길,1
서울특별시 영등포구 양평동6가 노들로,2
서울특별시 영등포구 양화동 올림픽대로,1
서울특별시 영등포구 여의도동 63로,1
서울특별시 영등포구 여의도동 경인로,1
서울특별시 영등포구 여의도동 국제금융로,5
서울특별시 영등포구 여의도동 국제금융로6길,1
서울특별시 영등포구 여의도동 국회대로,2
서울특별시 영등포구 여의도동 국회대로62길,1
서울특별시 영등포구 여의도동 여의공원로,2
서울특별시 영등포구 여의도동 여의나루로,3
서울특별시 영등포구 여의도동 여의대로,1
서울특별시 영등포구 여의도동 여의대방로,9
서울특별시 영등포구 여의도동 여의동로,4
서울특별시 영등포구 여의도동 여의서로,3
서울특별시 영등포구 여의도동 올림픽대로,1
서울특별시 영등포구 여의도동 은행로,1
서울특별시 영등포구 여의도동 의사당대로,2
서울특별시 영등포구 영등포동 경인로,2
서울특별시 영등포구 영등포동 영신로8길,1
서울특별시 영등포구 영등포동 영신로9길,1
서울특별시 영등포구 영등포동1가 경인로,1
서울특별시 영등포구 영등포동1가 노들로,1
서울특별시 영등포구 영등포동1가 버드나루로,1
서울특별시 영등포구 영등포동1가 영등포로,3
서울특별시 영등포구 영등포동2가 버드나루로,2
서울특별시 영등포구 영등포동2가 영등포로,2
서울특별시 영등포구 영등포동3가 경인로,2
서울특별시 영등포구 영등포동3가 영등포로,6
서울특별시 영등포구 영등포동3가 영등포로50길,1
서울특별시 영등포구 영등포동3가 영중로,5
서울특별시 영등포구 영등포동4가 경인로,1
서울특별시 영등포구 영등포동4가 영등포로,1
서울특별시 영등포구 영등포동4가 영중로,1
서울특별시 영등포구 영등포동4가 영중로3길,1
서울특별시 영등포구 영등포동5가 양산로,1
서울특별시 영등포구 영등포동5가 영등포로,1
서울특별시 영등포구 영등포동6가 양산로,1
서울특별시 영등포구 영등포동6가 영등포로,1
서울특별시 영등포구 영등포동6가 영신로,1
서울특별시 영등포구 영등포동7가 국회대로,3
서울특별시 영등포구 영등포동7가 양산로,1
서울특별시 영등포구 영등포동8가 국회대로,1
서울특별시 영등포구 영등포동8가 영중로,1
서울특별시 영등포구 영등포동8가 영중로41길,1
서울특별시 용산구 갈월동 두텁바위로,1
서울특별시 용산구 갈월동 한강대로,4
서울특별시 용산구 남영동 두텁바위로,1
서울특별시 용산구 동빙고동 녹사평대로,1
서울특별시 용산구 동자동 한강대로,1
서울특별시 용산구 동자동 후암로57길,1
서울특별시 용산구 문배동 백범로90길,1
서울특별시 용산구 문배동 청파로,1
서울특별시 용산구 보광동 서빙고로,1
서울특별시 용산구 서빙고동 녹사평대로11길,1
서울특별시 용산구 서빙고동 서빙고로,3
서울특별시 용산구 용문동 새창로,1
서울특별시 용산구 용문동 효창원로,4
서울특별시 용산구 용산동2가 녹사평대로,1
서울특별시 용산구 용산동2가 녹사평대로58길,1
서울특별시 용산구 용산동2가 소월로,1
서울특별시 용산구 용산동2가 신흥로,2
서울특별시 용산구 용산동3가 이태원로,1
서울특별시 용산구 용산동4가 녹사평대로,1
서울특별시 용산구 용산동4가 이태원로,3
서울특별시 용산구 용산동5가 서빙고로,2
서울특별시 용산구 원효로1가 백범로,1
서울특별시 용산구 원효로1가 원효로,1
서울특별시 용산구 원효로1가 청파로,1
서울특별시 용산구 원효로2가 원효로,1
서울특별시 용산구 원효로4가 강변북로,2
서울특별시 용산구 원효로4가 원효로,1
서울특별시 용산구 원효로4가 청파로,1
서울특별시 용산구 이촌동 강변북로,1
서울특별시 용산구 이촌동 이촌로,3
서울특별시 용산구 이촌동 이촌로75길,1
서울특별시 용산구 이태원동 녹사평대로,2
서울특별시 용산구 이태원동 녹사평대로26길,3
서울특별시 용산구 이태원동 녹사평대로58길,1
서울특별시 용산구 이태원동 보광로,2
서울특별시 용산구 이태원동 소월로,1
서울특별시 용산구 이태원동 신흥로,1
서울특별시 용산구 이태원동 이태원로,6
서울특별시 용산구 이태원동 이태원로27길,1
서울특별시 용산구 청암동 강변북로,1
서울특별시 용산구 청파동2가 청파로,1
서울특별시 용산구 청파동2가 청파로47길,1
서울특별시 용산구 한강로1가 한강대로,1
서울특별시 용산구 한강로2가 새창로,1
서울특별시 용산구 한강로2가 한강대로,3
서울특별시 용산구 한강로2가 한강대로21길,1
서울특별시 용산구 한강로2가 한강대로23길,2
서울특별시 용산구 한강로3가 새창로,1
서울특별시 용산구 한강로3가 서빙고로17길,1
서울특별시 용산구 한강로3가 원효로48길,1
서울특별시 용산구 한강로3가 이촌로,3
서울특별시 용산구 한강로3가 청파로,1
서울특별시 용산구 한강로3가 한강대로,4
서울특별시 용산구 한강로3가 한강대로21길,1
서울특별시 용산구 한강로3가 한강대로21나길,1
서울특별시 용산구 한남동 강남대로,1
서울특별시 용산구 한남동 대사관로,5
서울특별시 용산구 한남동 독서당로,2
서울특별시 용산구 한남동 서빙고로,2
서울특별시 용산구 한남동 이태원로,4
서울특별시 용산구 한남동 한남대로,6
서울특별시 용산구 한남동 한남대로21길,1
서울특별시 용산구 효창동 백범로,3
서울특별시 용산구 효창동 효창원로,2
서울특별시 용산구 후암동 소월로,1
서울특별시 용산구 후암동 한강대로104길,2
서울특별시 은평구 갈현동 갈현로,5
서울특별시 은평구 갈현동 갈현로23길,1
서울특별시 은평구 갈현동 갈현로41길,1
서울특별시 은평구 갈현동 서오릉로,3
서울특별시 은평구 갈현동 연서로,1
서울특별시 은평구 갈현동 연서로19길,1
서울특별시 은평구 갈현동 연서로21길,3
서울특별시 은평구 갈현동 연서로29길,1
서울특별시 은평구 갈현동 통일로87길,1
서울특별시 은평구 구산동 갈현로,1
서울특별시 은평구 구산동 서오릉로,5
서울특별시 은평구 구산동 연서로9길,1
서울특별시 은평구 녹번동 녹번로,1
서울특별시 은평구 녹번동 서오릉로,2
서울특별시 은평구 녹번동 서오릉로2길,1
서울특별시 은평구 녹번동 은평로,1
서울특별시 은평구 녹번동 진흥로,3
서울특별시 은평구 녹번동 통일로,3
서울특별시 은평구 대조동 불광로,3
서울특별시 은평구 대조동 서오릉로,7
서울특별시 은평구 대조동 역말로,1
서울특별시 은평구 대조동 연서로,2
서울특별시 은평구 대조동 연서로26길,3
서울특별시 은평구 대조동 진흥로,4
서울특별시 은평구 대조동 통일로,3
서울특별시 은평구 대조동 통일로69길,1
서울특별시 은평구 대조동 통일로73길,1
서울특별시 은평구 불광동 불광로,4
서울특별시 은평구 불광동 연서로,5
서울특별시 은평구 불광동 연서로34길,1
서울특별시 은평구 불광동 연서로37길,1
서울특별시 은평구 불광동 진흥로,2
서울특별시 은평구 불광동 통일로,8
서울특별시 은평구 불광동 통일로72길,1
서울특별시 은평구 수색동 수색로,7
서울특별시 은평구 수색동 은평터널로,1
서울특별시 은평구 신사동 가좌로,2
서울특별시 은평구 신사동 갈현로,2
서울특별시 은평구 신사동 은평로,2
서울특별시 은평구 신사동 증산로15길,1
서울특별시 은평구 역촌동 갈현로,4
서울특별시 은평구 역촌동 서오릉로,2
서울특별시 은평구 역촌동 역말로,4
서울특별시 은평구 역촌동 연서로,3
서울특별시 은평구 역촌동 연서로14길,2
서울특별시 은평구 역촌동 연서로4길,2
서울특별시 은평구 역촌동 연서로9길,1
서울특별시 은평구 역촌동 은평로,1
서울특별시 은평구 역촌동 진흥로,4
서울특별시 은평구 역촌동 진흥로1길,2
서울특별시 은평구 역촌동 진흥로5길,2
서울특별시 은평구 응암동 가좌로,3
서울특별시 은평구 응암동 가좌로10길,1
서울특별시 은평구 응암동 가좌로7나길,2
서울특별시 은평구 응암동 백련산로,2
서울특별시 은평구 응암동 불광천길,1
서울특별시 은평구 응암동 서오릉로,1
서울특별시 은평구 응암동 은평로,3
서울특별시 은평구 응암동 응암로,6
서울특별시 은평구 응암동 응암로12길,4
서울특별시 은평구 응암동 응암로13길,1
서울특별시 은평구 응암동 통일로71길,1
서울특별시 은평구 증산동 증산로,2
서울특별시 은평구 증산동 증산로3길,1
서울특별시 은평구 진관동 북한산로,2
서울특별시 은평구 진관동 연서로,1
서울특별시 은평구 진관동 진관1로,2
서울특별시 은평구 진관동 진관2로,1
서울특별시 은평구 진관동 진관3로,2
서울특별시 은평구 진관동 진관4로,2
서울특별시 은평구 진관동 통일로,1
서울특별시 종로구 견지동 사직로,1
서울특별시 종로구 견지동 우정국로,1
서울특별시 종로구 공평동 삼봉로,1
서울특별시 종로구 공평동 우정국로,1
서울특별시 종로구 관훈동 율곡로,1
서울특별시 종로구 구기동 진흥로,1
서울특별시 종로구 구기동 진흥로22길,1
서울특별시 종로구 낙원동 삼일대로,2
서울특별시 종로구 낙원동 수표로,4
서울특별시 종로구 명륜1가 성균관로,1
서울특별시 종로구 명륜2가 성균관로,1
서울특별시 종로구 명륜2가 창경궁로,1
서울특별시 종로구 명륜2가 혜화로,1
서울특별시 종로구 묘동 돈화문로,1
서울특별시 종로구 무악동 통일로12길,1
서울특별시 종로구 부암동 자하문로,1
서울특별시 종로구 사직동 사직로9길,1
서울특별시 종로구 삼청동 삼청로,1
서울특별시 종로구 서린동 우정국로,1
서울특별시 종로구 세종로 사직로,3
서울특별시 종로구 세종로 삼봉로,1
서울특별시 종로구 세종로 새문안로5길,1
서울특별시 종로구 세종로 세종대로,1
서울특별시 종로구 세종로 세종대로23길,1
서울특별시 종로구 송월동 통일로8길,1
서울특별시 종로구 수송동 율곡로,1
서울특별시 종로구 수송동 종로1길,1
서울특별시 종로구 숭인동 난계로,1
서울특별시 종로구 숭인동 난계로27길,2
서울특별시 종로구 숭인동 보문로,2
서울특별시 종로구 숭인동 종로,7
서울특별시 종로구 숭인동 종로58길,1
서울특별시 종로구 숭인동 종로66가길,1
서울특별시 종로구 숭인동 천호대로,1
서울특별시 종로구 숭인동 청계천로,1
서울특별시 종로구 신교동 자하문로,1
서울특별시 종로구 신교동 필운대로,1
서울특별시 종로구 신문로1가 새문안로,1
서울특별시 종로구 신문로2가 경희궁길,1
서울특별시 종로구 신영동 세검정로,3
서울특별시 종로구 신영동 진흥로,1
서울특별시 종로구 안국동 율곡로,1
서울특별시 종로구 연건동 대학로,3
서울특별시 종로구 연건동 율곡로,1
서울특별시 종로구 연지동 율곡로,1
서울특별시 종로구 예지동 창경궁로,1
서울특별시 종로구 옥인동 옥인길,1
서울특별시 종로구 옥인동 자하문로17길,1
서울특별시 종로구 옥인동 필운대로,1
서울특별시 종로구 와룡동 돈화문로,1
서울특별시 종로구 와룡동 율곡로,1
서울특별시 종로구 와룡동 창경궁로,1
서울특별시 종로구 운니동 율곡로,2
서울특별시 종로구 원남동 율곡로,1
서울특별시 종로구 원남동 창경궁로,1
서울특별시 종로구 익선동 삼일대로30길,1
서울특별시 종로구 인의동 창경궁로,1
서울특별시 종로구 장사동 돈화문로,1
서울특별시 종로구 장사동 청계천로,2
서울특별시 종로구 재동 율곡로,2
서울특별시 종로구 적선동 자하문로,1
서울특별시 종로구 종로1가 새문안로,1
서울특별시 종로구 종로2가 삼일대로,2
서울특별시 종로구 종로2가 수표로,1
서울특별시 종로구 종로2가 종로,3
서울특별시 종로구 종로3가 종로,3
서울특별시 종로구 종로4가 동순라길,1
서울특별시 종로구 종로4가 종로,1
서울특별시 종로구 종로5가 대학로,1
서울특별시 종로구 종로5가 동호로,1
서울특별시 종로구 종로5가 종로,5
서울특별시 종로구 종로6가 율곡로,3
서울특별시 종로구 종로6가 종로,1
서울특별시 종로구 종로6가 청계천로,2
서울특별시 종로구 중학동 율곡로,1
서울특별시 종로구 창성동 자하문로10길,1
서울특별시 종로구 창신동 율곡로,1
서울특별시 종로구 창신동 종로,3
서울특별시 종로구 창신동 종로58길,1
서울특별시 종로구 창신동 지봉로,4
서울특별시 종로구 청진동 종로3길,3
서울특별시 종로구 충신동 김상옥로,1
서울특별시 종로구 통의동 자하문로10길,2
서울특별시 종로구 평동 새문안로,1
서울특별시 종로구 평동 송월길,1
서울특별시 종로구 평창동 평창30길,1
서울특별시 종로구 평창동 평창길,1
서울특별시 종로구 평창동 평창문화로,2
서울특별시 종로구 행촌동 사직로,1
서울특별시 종로구 혜화동 대학로,1
서울특별시 종로구 혜화동 창경궁로,4
서울특별시 종로구 혜화동 창경궁로35길,1
서울특별시 종로구 혜화동 혜화로,1
서울특별시 종로구 홍지동 세검정로,1
서울특별시 중구 광희동2가 퇴계로,1
서울특별시 중구 남대문로2가 소공로,1
서울특별시 중구 남대문로4가 남대문로,1
서울특별시 중구 남대문로5가 세종대로,3
서울특별시 중구 남대문로5가 소월로,2
서울특별시 중구 남산동3가 소파로,1
서울특별시 중구 남창동 소월로,1
서울특별시 중구 다동 남대문로,1
서울특별시 중구 무교동 무교로,1
서울특별시 중구 무교동 세종대로20길,1
서울특별시 중구 무학동 퇴계로76길,1
서울특별시 중구 묵정동 퇴계로,1
서울특별시 중구 봉래동1가 세종대로7길,1
서울특별시 중구 봉래동1가 칠패로,2
서울특별시 중구 봉래동2가 청파로,2
서울특별시 중구 봉래동2가 통일로,3
서울특별시 중구 봉래동2가 한강대로,1
서울특별시 중구 삼각동 남대문로,1
서울특별시 중구 서소문동 서소문로,1
서울특별시 중구 서소문동 서소문로11길,1
서울특별시 중구 서소문동 세종대로,1
서울특별시 중구 소공동 남대문로,1
서울특별시 중구 소공동 소공로,1
서울특별시 중구 수표동 청계천로,1
서울특별시 중구 순화동 세종대로7길,1
서울특별시 중구 신당동 난계로,1
서울특별시 중구 신당동 다산로,6
서울특별시 중구 신당동 동호로,2
서울특별시 중구 신당동 동호로10길,2
서울특별시 중구 신당동 동호로5길,1
서울특별시 중구 신당동 동호로7길,1
서울특별시 중구 신당동 마장로,1
서울특별시 중구 신당동 매봉길,1
서울특별시 중구 신당동 을지로45길,1
서울특별시 중구 신당동 청계천로,1
서울특별시 중구 신당동 청구로8길,1
서울특별시 중구 신당동 퇴계로,3
서울특별시 중구 신당동 퇴계로76길,1
서울특별시 중구 쌍림동 동호로,2
서울특별시 중구 쌍림동 장충단로7길,1
서울특별시 중구 쌍림동 퇴계로,1
서울특별시 중구 예관동 창경궁로,2
서울특별시 중구 예장동 삼일대로,1
서울특별시 중구 오장동 을지로,1
서울특별시 중구 을지로1가 남대문로,1
서울특별시 중구 을지로1가 무교로,1
서울특별시 중구 을지로1가 을지로,3
서울특별시 중구 을지로2가 삼일대로,1
서울특별시 중구 을지로2가 삼일대로10길,1
서울특별시 중구 을지로2가 을지로,1
서울특별시 중구 을지로3가 을지로,1
서울특별시 중구 을지로4가 을지로,2
서울특별시 중구 을지로4가 창경궁로,2
서울특별시 중구 을지로5가 동호로,3
서울특별시 중구 을지로5가 을지로,1
서울특별시 중구 을지로6가 을지로,1
서울특별시 중구 을지로6가 장충단로,4
서울특별시 중구 을지로7가 을지로45길,1
서울특별시 중구 장교동 삼일대로,1
서울특별시 중구 장충동1가 장충단로,1
서울특별시 중구 장충동2가 장충단로,1
서울특별시 중구 저동2가 마른내로,1
서울특별시 중구 주교동 청계천로,1
서울특별시 중구 중림동 서소문로8길,1
서울특별시 중구 중림동 중림로,1
서울특별시 중구 중림동 청파로,1
서울특별시 중구 충무로1가 소공로,1
서울특별시 중구 충무로1가 퇴계로,4
서울특별시 중구 충무로2가 퇴계로,1
서울특별시 중구 충무로4가 창경궁로1길,2
서울특별시 중구 충무로4가 충무로,1
서울특별시 중구 태평로1가 세종대로,1
서울특별시 중구 태평로2가 세종대로,1
서울특별시 중구 필동2가 퇴계로,1
서울특별시 중구 황학동 마장로,1
서울특별시 중구 황학동 마장로9길,1
서울특별시 중구 황학동 청계천로,1
서울특별시 중구 황학동 퇴계로,1
서울특별시 중구 회현동1가 남대문시장길,1
서울특별시 중구 회현동1가 소공로,2
서울특별시 중구 회현동1가 퇴계로,1
서울특별시 중구 흥인동 퇴계로,1
서울특별시 중구 흥인동 퇴계로75길,1
서울특별시 중랑구 망우동 망우로,8
서울특별시 중랑구 망우동 망우로71길,1
서울특별시 중랑구 망우동 봉우재로,2
서울특별시 중랑구 망우동 상봉로,1
서울특별시 중랑구 망우동 수도권제1순환고속도로,1
서울특별시 중랑구 망우동 신내로,1
서울특별시 중랑구 망우동 용마공원로,1
서울특별시 중랑구 망우동 용마산로,9
서울특별시 중랑구 망우동 용마산로115길,1
서울특별시 중랑구 망우동 용마산로116길,1
서울특별시 중랑구 망우동 용마산로117길,1
서울특별시 중랑구 망우동 용마산로118길,1
서울특별시 중랑구 면목동 겸재로,8
서울특별시 중랑구 면목동 겸재로50길,1
서울특별시 중랑구 면목동 답십리로,3
서울특별시 중랑구 면목동 동일로,6
서울특별시 중랑구 면목동 동일로109길,1
서울특별시 중랑구 면목동 면목로,5
서울특별시 중랑구 면목동 면목로37길,1
서울특별시 중랑구 면목동 면목로55길,2
서울특별시 중랑구 면목동 면목로56길,3
서울특별시 중랑구 면목동 면목천로,4
서울특별시 중랑구 면목동 봉우재로,6
서울특별시 중랑구 면목동 봉우재로6길,1
서울특별시 중랑구 면목동 사가정로,10
서울특별시 중랑구 면목동 사가정로42길,1
서울특별시 중랑구 면목동 사가정로46길,1
서울특별시 중랑구 면목동 상봉로,3
서울특별시 중랑구 면목동 용마산로,8
서울특별시 중랑구 면목동 용마산로45길,1
서울특별시 중랑구 면목동 용마산로94길,1
서울특별시 중랑구 면목동 중랑천로,4
서울특별시 중랑구 묵동 공릉로,1
서울특별시 중랑구 묵동 공릉로18길,1
서울특별시 중랑구 묵동 공릉로2길,1
서울특별시 중랑구 묵동 공릉로2라길,1
서울특별시 중랑구 묵동 동일로,3
서울특별시 중랑구 묵동 동일로151길,1
서울특별시 중랑구 묵동 동일로163길,2
서울특별시 중랑구 묵동 사가정로,1
서울특별시 중랑구 묵동 숙선옹주로,4
서울특별시 중랑구 묵동 신내로25가길,1
서울특별시 중랑구 묵동 신내로25길,2
서울특별시 중랑구 묵동 중랑역로,4
서울특별시 중랑구 묵동 중랑천로,1
서울특별시 중랑구 상봉동 동일로,1
서울특별시 중랑구 상봉동 망우로,11
서울특별시 중랑구 상봉동 망우로36길,1
서울특별시 중랑구 상봉동 망우로52길,1
서울특별시 중랑구 상봉동 면목로,2
서울특별시 중랑구 상봉동 봉우재로,1
서울특별시 중랑구 상봉동 봉화산로,1
서울특별시 중랑구 상봉동 봉화산로45길,1
서울특별시 중랑구 상봉동 상봉로,2
서울특별시 중랑구 상봉동 상봉중앙로,4
서울특별시 중랑구 상봉동 신내로7가길,1
서울특별시 중랑구 상봉동 중랑천로,2
서울특별시 중랑구 신내동 봉화산로,1
서울특별시 중랑구 신내동 봉화산로47길,1
서울특별시 중랑구 신내동 봉화산로56길,1
서울특별시 중랑구 신내동 신내로,7
서울특별시 중랑구 신내동 신내로16길,2
서울특별시 중랑구 신내동 신내로18길,2
서울특별시 중랑구 신내동 신내로1길,1
서울특별시 중랑구 신내동 신내로7길,1
서울특별시 중랑구 신내동 신내역로,2
서울특별시 중랑구 신내동 용마산로,2
서울특별시 중랑구 신내동 용마산로117길,1
서울특별시 중랑구 신내동 용마산로139가길,2
서울특별시 중랑구 중화동 동일로,5
서울특별시 중랑구 중화동 동일로129길,3
서울특별시 중랑구 중화동 동일로130길,1
서울특별시 중랑구 중화동 동일로139길,1
서울특별시 중랑구 중화동 망우로,8
서울특별시 중랑구 중화동 봉화산로,3
서울특별시 중랑구 중화동 봉화산로30길,1
서울특별시 중랑구 중화동 봉화산로3길,1
서울특별시 중랑구 중화동 중랑역로,9
서울특별시 중랑구 중화동 중랑천로,1
